match_id,season,floodlit,day_type,start_time_utc,temperature,humidity,precipitation,wind_speed,cloud_cover,dew_point_approx
829705,2015,night,SINGLE,2015-04-08T14:30:00.000Z,29.5,71.2,0.17,4.2,34.8,23.7
829707,2015,night,SINGLE,2015-04-09T14:30:00.000Z,31.4,61.0,0.05,17.9,34.8,23.0
829709,2015,night,SINGLE,2015-04-10T14:30:00.000Z,32.4,43.8,0.33,11.9,40.2,18.5
829711,2015,daynight,SINGLE,2015-04-11T10:30:00.000Z,33.7,46.2,0.0,15.4,13.0,20.5
829713,2015,night,SINGLE,2015-04-11T14:30:00.000Z,32.0,56.2,0.1,9.2,89.5,22.2
829715,2015,daynight,SINGLE,2015-04-12T10:30:00.000Z,28.1,44.5,0.0,8.5,98.5,14.9
829717,2015,night,SINGLE,2015-04-12T14:30:00.000Z,29.4,60.0,0.0,18.1,3.5,20.8
829719,2015,night,SINGLE,2015-04-13T14:30:00.000Z,25.6,64.2,0.7,3.0,93.2,18.3
829721,2015,night,SINGLE,2015-04-14T14:30:00.000Z,33.2,33.8,0.0,7.4,29.5,15.1
829725,2015,night,SINGLE,2015-04-15T14:30:00.000Z,31.6,29.5,0.0,10.7,66.8,11.6
829727,2015,night,SINGLE,2015-04-16T14:30:00.000Z,29.0,64.0,0.03,9.7,33.5,21.5
829729,2015,night,SINGLE,2015-04-17T14:30:00.000Z,32.5,58.2,0.0,19.3,21.0,23.3
829731,2015,daynight,SINGLE,2015-04-18T10:30:00.000Z,32.0,57.5,0.0,13.6,2.5,22.5
829733,2015,night,SINGLE,2015-04-18T14:30:00.000Z,37.4,19.0,0.0,10.7,38.0,9.8
829735,2015,daynight,SINGLE,2015-04-19T10:30:00.000Z,36.7,27.0,0.0,9.1,0.0,14.6
829737,2015,night,SINGLE,2015-04-19T14:30:00.000Z,29.2,42.2,0.0,10.3,71.0,15.0
829739,2015,night,SINGLE,2015-04-20T14:30:00.000Z,38.4,20.5,0.05,9.0,19.2,11.8
829741,2015,night,SINGLE,2015-04-21T14:30:00.000Z,40.9,13.0,0.0,11.1,0.5,7.0
829743,2015,daynight,SINGLE,2015-04-22T10:30:00.000Z,34.0,56.0,0.0,26.4,3.0,24.0
829745,2015,night,SINGLE,2015-04-22T14:30:00.000Z,30.8,47.0,0.0,5.9,100.0,18.1
829747,2015,night,SINGLE,2015-04-23T14:30:00.000Z,38.3,11.5,0.0,9.1,9.0,3.2
829749,2015,night,SINGLE,2015-04-24T14:30:00.000Z,38.7,19.5,0.0,8.4,0.0,11.3
829751,2015,daynight,SINGLE,2015-04-25T10:30:00.000Z,31.0,59.0,0.0,11.3,4.8,22.1
829753,2015,night,SINGLE,2015-04-25T14:30:00.000Z,31.6,64.0,0.1,18.9,37.2,23.9
829755,2015,daynight,SINGLE,2015-04-26T10:30:00.000Z,27.1,77.8,0.43,6.5,85.5,22.8
829757,2015,night,SINGLE,2015-04-26T14:30:00.000Z,34.0,33.5,0.0,14.3,14.5,15.6
829759,2015,night,SINGLE,2015-04-27T14:30:00.000Z,33.5,34.0,0.35,13.2,68.5,15.5
829765,2015,night,SINGLE,2015-04-28T14:30:00.000Z,33.1,56.2,0.0,20.2,34.0,23.2
829763,2015,night,SINGLE,2015-04-29T14:30:00.000Z,30.5,44.2,0.1,3.2,38.8,17.0
829723,2015,night,SINGLE,2015-04-30T14:30:00.000Z,30.8,74.0,0.15,9.2,25.0,25.6
829767,2015,daynight,SINGLE,2015-05-01T10:30:00.000Z,34.2,32.0,0.0,6.1,1.5,15.1
829769,2015,night,SINGLE,2015-05-01T14:30:00.000Z,31.8,60.8,0.0,14.9,0.0,23.3
829771,2015,daynight,SINGLE,2015-05-02T10:30:00.000Z,30.6,48.5,0.0,8.8,25.2,18.5
829773,2015,night,SINGLE,2015-05-02T14:30:00.000Z,37.9,18.5,0.0,5.7,33.0,9.8
829775,2015,daynight,SINGLE,2015-05-03T10:30:00.000Z,34.6,13.5,0.0,10.4,5.5,2.7
829777,2015,night,SINGLE,2015-05-03T14:30:00.000Z,31.8,62.8,0.0,16.7,0.0,23.8
829779,2015,daynight,SINGLE,2015-05-04T10:30:00.000Z,33.4,53.2,0.17,18.7,27.5,22.6
829781,2015,night,SINGLE,2015-05-04T14:30:00.000Z,32.5,62.8,0.0,9.4,17.0,24.5
829783,2015,night,SINGLE,2015-05-05T14:30:00.000Z,32.8,60.2,0.0,15.2,0.2,24.0
829785,2015,night,SINGLE,2015-05-06T14:30:00.000Z,29.2,50.2,0.25,5.8,99.0,17.8
829787,2015,daynight,SINGLE,2015-05-07T10:30:00.000Z,32.9,59.2,0.0,12.8,10.0,23.9
829761,2015,night,SINGLE,2015-05-07T14:30:00.000Z,34.1,60.0,0.0,13.2,39.0,25.3
829789,2015,night,SINGLE,2015-05-08T14:30:00.000Z,34.1,56.5,0.0,20.4,34.0,24.2
829791,2015,daynight,SINGLE,2015-05-09T10:30:00.000Z,33.2,62.0,0.0,7.0,66.0,25.0
829793,2015,night,SINGLE,2015-05-09T14:30:00.000Z,40.1,18.0,0.0,7.3,72.2,11.2
829795,2015,daynight,SINGLE,2015-05-10T10:30:00.000Z,33.6,51.8,0.0,13.7,0.2,22.3
829797,2015,night,SINGLE,2015-05-10T14:30:00.000Z,33.0,60.5,0.0,15.0,94.0,24.3
829799,2015,night,SINGLE,2015-05-11T14:30:00.000Z,35.0,34.2,0.28,10.1,92.2,16.9
829801,2015,night,SINGLE,2015-05-12T14:30:00.000Z,38.7,25.2,0.0,5.2,84.0,15.2
829803,2015,night,SINGLE,2015-05-13T14:30:00.000Z,30.9,48.2,0.65,11.4,58.5,18.7
829805,2015,night,SINGLE,2015-05-14T14:30:00.000Z,32.0,66.0,0.07,19.3,56.5,24.8
829807,2015,night,SINGLE,2015-05-15T14:30:00.000Z,34.5,37.0,0.0,6.8,84.0,17.7
829809,2015,daynight,SINGLE,2015-05-16T10:30:00.000Z,34.2,30.2,0.0,7.2,2.2,14.2
829811,2015,night,SINGLE,2015-05-16T14:30:00.000Z,32.8,61.8,0.0,18.9,34.0,24.5
829813,2015,daynight,SINGLE,2015-05-17T10:30:00.000Z,26.4,70.8,0.1,7.6,99.0,20.7
829815,2015,night,SINGLE,2015-05-17T14:30:00.000Z,34.6,37.0,0.0,6.2,84.0,17.8
829817,2015,night,SINGLE,2015-05-19T14:30:00.000Z,32.1,62.2,0.0,17.7,3.2,24.0
829819,2015,night,SINGLE,2015-05-20T14:30:00.000Z,37.0,30.2,0.0,16.1,17.2,16.6
829821,2015,night,SINGLE,2015-05-22T14:30:00.000Z,37.4,22.0,0.0,13.1,66.8,12.0
829823,2015,night,SINGLE,2015-05-24T14:30:00.000Z,35.8,58.5,0.0,18.9,4.8,26.3
980901,2016,night,SINGLE,2016-04-09T14:30:00.000Z,33.1,45.2,0.0,20.8,1.5,19.7
980903,2016,night,SINGLE,2016-04-10T14:30:00.000Z,37.5,37.8,0.0,10.5,30.2,20.6
980905,2016,night,SINGLE,2016-04-11T14:30:00.000Z,31.5,25.2,0.1,12.2,27.8,9.2
980907,2016,night,SINGLE,2016-04-12T14:30:00.000Z,35.3,24.0,0.0,3.2,23.0,11.6
980909,2016,night,SINGLE,2016-04-13T14:30:00.000Z,37.6,26.2,0.0,10.8,5.8,14.9
980911,2016,night,SINGLE,2016-04-14T14:30:00.000Z,37.3,22.0,0.0,13.5,0.0,12.0
980913,2016,night,SINGLE,2016-04-15T14:30:00.000Z,39.1,17.0,0.0,17.3,44.2,9.5
980915,2016,daynight,SINGLE,2016-04-16T10:30:00.000Z,38.2,23.5,0.0,11.1,22.2,13.7
980917,2016,night,SINGLE,2016-04-16T14:30:00.000Z,31.1,60.5,0.0,19.9,32.0,22.6
980919,2016,daynight,SINGLE,2016-04-17T10:30:00.000Z,38.6,15.0,0.0,6.9,32.8,7.4
980921,2016,night,SINGLE,2016-04-17T14:30:00.000Z,35.4,23.2,0.0,9.4,31.5,11.2
980923,2016,night,SINGLE,2016-04-18T14:30:00.000Z,38.1,23.8,0.03,9.5,53.8,13.8
980925,2016,night,SINGLE,2016-04-19T14:30:00.000Z,34.0,23.0,0.0,11.1,62.2,9.9
980927,2016,night,SINGLE,2016-04-20T14:30:00.000Z,31.9,59.5,0.0,18.8,21.0,23.0
980929,2016,night,SINGLE,2016-04-21T14:30:00.000Z,35.9,19.8,0.0,16.6,0.0,9.2
980931,2016,night,SINGLE,2016-04-22T14:30:00.000Z,33.7,22.5,0.0,19.8,0.0,9.4
980933,2016,daynight,SINGLE,2016-04-23T10:30:00.000Z,34.8,16.2,0.0,14.2,0.2,5.4
980935,2016,night,SINGLE,2016-04-23T14:30:00.000Z,39.9,13.5,0.0,14.4,5.8,6.8
980937,2016,daynight,SINGLE,2016-04-24T10:30:00.000Z,32.9,39.0,0.0,9.8,12.5,17.1
980939,2016,night,SINGLE,2016-04-24T14:30:00.000Z,34.4,27.0,0.0,18.5,0.0,12.7
980941,2016,night,SINGLE,2016-04-25T14:30:00.000Z,35.8,8.8,0.0,15.6,4.2,-2.4
980943,2016,night,SINGLE,2016-04-26T14:30:00.000Z,37.9,26.2,0.53,11.5,60.8,15.2
980945,2016,night,SINGLE,2016-04-27T14:30:00.000Z,38.6,9.5,0.0,10.0,77.0,0.8
980947,2016,night,SINGLE,2016-04-28T14:30:00.000Z,32.8,59.2,0.0,17.9,96.5,23.8
980949,2016,night,SINGLE,2016-04-29T14:30:00.000Z,37.5,21.0,0.0,15.1,31.2,11.4
980951,2016,daynight,SINGLE,2016-04-30T10:30:00.000Z,38.1,10.8,0.0,7.4,0.0,2.2
980953,2016,night,SINGLE,2016-04-30T14:30:00.000Z,39.1,19.8,0.17,3.5,64.8,11.9
980955,2016,daynight,SINGLE,2016-05-01T10:30:00.000Z,37.2,26.0,0.0,13.8,93.2,14.5
980957,2016,night,SINGLE,2016-05-01T14:30:00.000Z,37.3,20.5,0.0,18.1,0.0,10.9
980959,2016,night,SINGLE,2016-05-02T14:30:00.000Z,32.5,36.5,0.5,2.6,62.2,15.7
980961,2016,night,SINGLE,2016-05-03T14:30:00.000Z,37.9,25.8,0.03,14.6,1.0,14.9
980963,2016,night,SINGLE,2016-05-04T14:30:00.000Z,32.2,60.5,0.2,11.0,45.2,23.6
980965,2016,night,SINGLE,2016-05-05T14:30:00.000Z,33.7,34.2,0.0,10.1,71.0,15.7
980967,2016,night,SINGLE,2016-05-06T14:30:00.000Z,32.3,45.2,0.0,7.9,37.2,18.9
980969,2016,daynight,SINGLE,2016-05-07T10:30:00.000Z,30.5,49.5,0.0,2.5,22.8,18.7
980971,2016,night,SINGLE,2016-05-07T14:30:00.000Z,35.6,22.2,0.0,10.2,82.0,10.7
980973,2016,daynight,SINGLE,2016-05-08T10:30:00.000Z,34.2,54.0,0.0,16.3,12.5,23.5
980975,2016,night,SINGLE,2016-05-08T14:30:00.000Z,30.9,66.8,0.35,10.8,60.5,24.0
980977,2016,night,SINGLE,2016-05-09T14:30:00.000Z,35.9,29.5,0.0,4.6,77.8,15.3
980979,2016,night,SINGLE,2016-05-10T14:30:00.000Z,33.2,57.0,0.0,17.0,23.8,23.5
980981,2016,night,SINGLE,2016-05-11T14:30:00.000Z,30.2,42.2,0.03,6.8,95.5,16.0
980983,2016,night,SINGLE,2016-05-12T14:30:00.000Z,36.8,30.0,0.0,5.7,35.2,16.3
980985,2016,night,SINGLE,2016-05-13T14:30:00.000Z,33.9,60.8,0.0,19.9,20.0,25.2
980987,2016,daynight,SINGLE,2016-05-14T10:30:00.000Z,30.7,55.8,0.0,8.2,90.2,20.8
980989,2016,night,SINGLE,2016-05-14T14:30:00.000Z,33.6,59.5,0.0,20.9,35.0,24.6
980991,2016,daynight,SINGLE,2016-05-15T10:30:00.000Z,40.2,13.0,0.0,13.8,5.8,6.5
980993,2016,night,SINGLE,2016-05-15T14:30:00.000Z,33.1,62.0,0.0,20.1,32.5,24.9
980995,2016,night,SINGLE,2016-05-16T14:30:00.000Z,33.9,60.2,0.0,21.5,22.0,25.0
980997,2016,night,SINGLE,2016-05-17T14:30:00.000Z,30.7,72.0,0.1,15.1,88.0,25.1
980999,2016,night,SINGLE,2016-05-18T14:30:00.000Z,24.7,86.2,0.65,12.8,100.0,22.3
981001,2016,night,SINGLE,2016-05-19T14:30:00.000Z,40.8,24.2,0.0,9.7,57.0,16.3
981003,2016,night,SINGLE,2016-05-20T14:30:00.000Z,39.1,27.0,0.0,8.1,99.2,16.7
981005,2016,daynight,SINGLE,2016-05-21T10:30:00.000Z,33.4,68.2,0.0,19.5,22.2,26.8
981007,2016,night,SINGLE,2016-05-21T14:30:00.000Z,39.5,33.5,0.0,12.2,11.0,20.4
981009,2016,daynight,SINGLE,2016-05-22T10:30:00.000Z,33.7,64.8,0.0,7.7,33.5,26.1
981011,2016,night,SINGLE,2016-05-22T14:30:00.000Z,42.6,15.8,0.0,18.1,29.5,11.2
981013,2016,night,SINGLE,2016-05-24T14:30:00.000Z,32.3,35.0,0.0,11.6,48.2,14.9
981015,2016,night,SINGLE,2016-05-25T14:30:00.000Z,38.3,28.2,0.12,9.9,41.2,16.7
981017,2016,night,SINGLE,2016-05-27T14:30:00.000Z,40.4,23.5,0.0,18.2,10.5,15.5
981019,2016,night,SINGLE,2016-05-29T14:30:00.000Z,27.2,58.2,0.17,11.9,93.5,18.2
1082591,2017,night,SINGLE,2017-04-05T14:30:00.000Z,32.6,39.0,0.38,10.3,43.0,16.9
1082592,2017,night,SINGLE,2017-04-06T14:30:00.000Z,34.8,22.2,0.0,19.4,0.2,10.1
1082593,2017,night,SINGLE,2017-04-07T14:30:00.000Z,33.8,12.2,0.0,15.5,0.0,0.7
1082594,2017,daynight,SINGLE,2017-04-08T10:30:00.000Z,33.7,9.5,0.0,10.9,0.0,-2.9
1082595,2017,night,SINGLE,2017-04-08T14:30:00.000Z,32.5,29.5,0.07,9.2,57.8,12.4
1082596,2017,daynight,SINGLE,2017-04-09T10:30:00.000Z,36.8,24.5,0.0,7.8,32.5,13.2
1082597,2017,night,SINGLE,2017-04-09T14:30:00.000Z,32.6,40.2,0.0,20.1,0.0,17.3
1082598,2017,night,SINGLE,2017-04-10T14:30:00.000Z,35.3,6.0,0.0,12.8,0.0,-7.7
1082599,2017,night,SINGLE,2017-04-11T14:30:00.000Z,38.3,8.8,0.0,8.2,4.5,-0.5
1082600,2017,night,SINGLE,2017-04-12T14:30:00.000Z,31.8,58.8,0.0,18.6,5.8,22.7
1082601,2017,night,SINGLE,2017-04-13T14:30:00.000Z,32.8,44.0,0.0,16.9,35.2,18.9
1082602,2017,daynight,SINGLE,2017-04-14T10:30:00.000Z,33.2,22.2,0.0,9.3,90.5,8.7
1082603,2017,night,SINGLE,2017-04-14T14:30:00.000Z,41.2,6.2,0.0,19.0,0.0,-3.0
1082604,2017,daynight,SINGLE,2017-04-15T10:30:00.000Z,33.3,49.8,0.0,26.0,35.8,21.4
1082605,2017,night,SINGLE,2017-04-15T14:30:00.000Z,38.9,12.5,0.0,17.7,5.8,4.9
1082606,2017,daynight,SINGLE,2017-04-16T10:30:00.000Z,33.3,49.2,0.0,12.1,0.0,21.2
1082607,2017,night,SINGLE,2017-04-16T14:30:00.000Z,33.2,24.5,0.0,4.8,19.2,10.2
1082608,2017,daynight,SINGLE,2017-04-17T10:30:00.000Z,37.8,27.0,0.0,8.3,0.0,15.6
1082609,2017,night,SINGLE,2017-04-17T14:30:00.000Z,39.1,11.2,0.0,11.7,0.0,3.5
1082610,2017,night,SINGLE,2017-04-18T14:30:00.000Z,38.4,11.5,0.0,26.2,0.0,3.3
1082611,2017,night,SINGLE,2017-04-19T14:30:00.000Z,37.7,17.0,0.0,6.6,25.5,8.4
1082612,2017,night,SINGLE,2017-04-20T14:30:00.000Z,38.2,13.5,0.0,27.7,0.0,5.5
1082613,2017,night,SINGLE,2017-04-21T14:30:00.000Z,32.6,64.0,0.38,23.1,88.0,24.9
1082615,2017,daynight,SINGLE,2017-04-22T10:30:00.000Z,33.8,22.2,0.0,20.1,0.0,9.3
1082614,2017,night,SINGLE,2017-04-22T14:30:00.000Z,29.9,67.2,0.0,16.0,12.0,23.1
1082616,2017,daynight,SINGLE,2017-04-23T10:30:00.000Z,34.6,31.2,0.0,16.8,0.8,15.1
1082617,2017,night,SINGLE,2017-04-23T14:30:00.000Z,32.7,65.2,0.0,22.1,43.2,25.3
1082618,2017,night,SINGLE,2017-04-24T14:30:00.000Z,29.9,58.8,0.0,14.7,0.8,20.9
1082619,2017,night,SINGLE,2017-04-25T14:30:00.000Z,31.8,33.8,0.05,5.7,84.8,13.9
1082620,2017,night,SINGLE,2017-04-26T14:30:00.000Z,35.2,17.8,0.0,17.6,17.2,7.0
1082621,2017,night,SINGLE,2017-04-27T14:30:00.000Z,31.6,34.8,0.1,8.2,51.0,14.1
1082622,2017,daynight,SINGLE,2017-04-28T10:30:00.000Z,36.5,48.5,0.0,8.1,29.0,23.8
1082623,2017,night,SINGLE,2017-04-28T14:30:00.000Z,34.8,15.8,0.0,18.9,69.0,5.0
1082624,2017,daynight,SINGLE,2017-04-29T10:30:00.000Z,34.8,12.0,0.0,8.2,47.0,1.2
1082625,2017,night,SINGLE,2017-04-29T14:30:00.000Z,37.1,23.5,1.02,15.3,43.2,12.9
1082626,2017,daynight,SINGLE,2017-04-30T10:30:00.000Z,32.9,23.2,0.28,9.0,60.2,9.1
1082627,2017,night,SINGLE,2017-04-30T14:30:00.000Z,34.4,23.5,0.07,7.3,49.5,10.5
1082628,2017,daynight,SINGLE,2017-05-01T10:30:00.000Z,31.5,60.2,0.0,12.3,0.2,22.8
1082629,2017,night,SINGLE,2017-05-01T14:30:00.000Z,35.6,18.8,0.0,15.8,10.0,8.2
1082630,2017,night,SINGLE,2017-05-02T14:30:00.000Z,37.9,14.0,0.0,7.4,3.8,5.8
1082631,2017,night,SINGLE,2017-05-03T14:30:00.000Z,33.2,56.2,0.0,13.8,55.0,23.3
1082632,2017,night,SINGLE,2017-05-04T14:30:00.000Z,37.7,15.5,0.0,23.2,0.0,7.1
1082633,2017,night,SINGLE,2017-05-05T14:30:00.000Z,32.5,35.0,0.03,6.9,36.0,15.0
1082634,2017,daynight,SINGLE,2017-05-06T10:30:00.000Z,37.1,26.2,0.12,11.3,39.0,14.5
1082635,2017,night,SINGLE,2017-05-06T14:30:00.000Z,40.0,14.5,0.0,13.5,25.5,7.9
1082636,2017,daynight,SINGLE,2017-05-07T10:30:00.000Z,33.1,36.5,0.0,5.9,12.0,16.2
1082637,2017,night,SINGLE,2017-05-07T14:30:00.000Z,38.0,15.8,0.0,22.9,94.0,7.5
1082638,2017,night,SINGLE,2017-05-08T14:30:00.000Z,35.8,25.0,0.0,5.6,67.0,12.7
1082639,2017,night,SINGLE,2017-05-09T14:30:00.000Z,34.5,37.5,0.75,5.8,83.5,17.9
1082640,2017,night,SINGLE,2017-05-10T14:30:00.000Z,38.3,29.2,0.0,9.5,6.5,17.2
1082641,2017,night,SINGLE,2017-05-11T14:30:00.000Z,31.3,64.5,0.0,20.0,14.5,23.8
1082642,2017,night,SINGLE,2017-05-12T14:30:00.000Z,36.7,27.0,0.0,12.7,78.8,14.6
1082643,2017,daynight,SINGLE,2017-05-13T10:30:00.000Z,39.9,26.8,0.0,10.1,19.5,17.2
1082644,2017,night,SINGLE,2017-05-13T14:30:00.000Z,34.7,55.0,0.0,16.4,19.5,24.3
1082645,2017,daynight,SINGLE,2017-05-14T10:30:00.000Z,34.1,38.2,0.0,6.3,41.8,17.8
1082646,2017,night,SINGLE,2017-05-14T14:30:00.000Z,41.7,11.5,0.0,17.7,46.5,5.8
1082647,2017,night,SINGLE,2017-05-16T14:30:00.000Z,31.2,68.2,0.0,18.6,3.8,24.6
1082648,2017,night,SINGLE,2017-05-17T14:30:00.000Z,31.6,44.0,0.07,10.2,92.8,17.8
1082649,2017,night,SINGLE,2017-05-19T14:30:00.000Z,29.1,54.8,0.0,10.9,65.8,19.0
1082650,2017,night,SINGLE,2017-05-21T14:30:00.000Z,39.2,15.2,0.0,8.9,70.0,8.1
1136561,2018,night,SINGLE,2018-04-07T14:30:00.000Z,30.5,57.0,0.0,16.8,0.0,21.0
1136562,2018,daynight,SINGLE,2018-04-08T10:30:00.000Z,30.0,41.0,0.0,21.3,59.0,15.3
1136563,2018,night,SINGLE,2018-04-08T14:30:00.000Z,31.0,49.5,0.0,9.8,65.0,19.2
1136564,2018,night,SINGLE,2018-04-09T14:30:00.000Z,30.8,37.8,0.15,5.2,33.0,14.7
1136565,2018,night,SINGLE,2018-04-10T14:30:00.000Z,30.5,65.2,0.0,18.6,6.2,23.2
1136566,2018,night,SINGLE,2018-04-11T14:30:00.000Z,33.5,21.5,0.0,10.8,55.8,8.5
1136567,2018,night,SINGLE,2018-04-12T14:30:00.000Z,31.5,40.0,0.55,4.6,25.5,16.3
1136568,2018,night,SINGLE,2018-04-13T14:30:00.000Z,31.5,30.5,0.0,11.4,84.2,12.1
1136569,2018,daynight,SINGLE,2018-04-14T10:30:00.000Z,31.4,58.2,0.0,11.9,0.0,22.2
1136570,2018,night,SINGLE,2018-04-14T14:30:00.000Z,31.9,59.2,0.2,13.2,62.5,23.0
1136571,2018,daynight,SINGLE,2018-04-15T10:30:00.000Z,31.6,39.8,0.0,11.8,57.8,16.3
1136572,2018,night,SINGLE,2018-04-15T14:30:00.000Z,34.4,19.2,0.0,13.7,56.5,7.6
1136573,2018,night,SINGLE,2018-04-16T14:30:00.000Z,32.9,53.0,0.05,12.2,25.0,22.0
1136574,2018,night,SINGLE,2018-04-17T14:30:00.000Z,33.7,52.5,0.0,19.2,1.2,22.6
1136575,2018,night,SINGLE,2018-04-18T14:30:00.000Z,37.1,11.8,0.0,17.7,5.8,2.7
1136576,2018,night,SINGLE,2018-04-19T14:30:00.000Z,33.1,20.8,0.05,9.9,59.5,7.7
1136577,2018,night,SINGLE,2018-04-20T14:30:00.000Z,34.2,26.5,0.0,20.9,15.5,12.3
1136578,2018,daynight,SINGLE,2018-04-21T10:30:00.000Z,35.0,55.5,0.0,21.2,9.5,24.7
1136579,2018,night,SINGLE,2018-04-21T14:30:00.000Z,32.2,33.2,0.15,13.0,62.0,14.0
1136580,2018,daynight,SINGLE,2018-04-22T10:30:00.000Z,35.6,35.0,0.0,7.3,13.5,17.7
1136581,2018,night,SINGLE,2018-04-22T14:30:00.000Z,34.4,8.0,0.0,14.2,0.0,-4.7
1136582,2018,night,SINGLE,2018-04-23T14:30:00.000Z,35.4,13.5,0.0,17.4,0.0,3.3
1136583,2018,night,SINGLE,2018-04-24T14:30:00.000Z,32.0,51.5,0.0,20.2,1.2,20.7
1136584,2018,night,SINGLE,2018-04-25T14:30:00.000Z,29.6,48.8,0.53,9.2,63.5,17.7
1136585,2018,night,SINGLE,2018-04-26T14:30:00.000Z,33.8,31.5,0.1,11.1,36.0,14.5
1136586,2018,night,SINGLE,2018-04-27T14:30:00.000Z,35.5,31.2,0.5,13.0,65.5,15.8
1136587,2018,night,SINGLE,2018-04-28T14:30:00.000Z,38.3,17.5,0.0,12.1,11.2,9.4
1136588,2018,daynight,SINGLE,2018-04-29T10:30:00.000Z,38.9,14.2,0.0,16.0,44.2,6.8
1136589,2018,night,SINGLE,2018-04-29T14:30:00.000Z,32.5,28.5,0.0,5.8,42.0,11.9
1136590,2018,night,SINGLE,2018-04-30T14:30:00.000Z,36.2,16.5,0.0,23.8,0.0,6.8
1136591,2018,night,SINGLE,2018-05-01T14:30:00.000Z,31.6,38.5,0.0,7.0,47.2,15.8
1136592,2018,night,SINGLE,2018-05-02T14:30:00.000Z,36.2,34.8,0.6,14.3,71.2,18.1
1136593,2018,night,SINGLE,2018-05-03T14:30:00.000Z,27.7,77.0,0.0,12.9,95.0,23.3
1136594,2018,night,SINGLE,2018-05-04T14:30:00.000Z,38.9,16.0,0.0,21.2,7.0,8.5
1136595,2018,daynight,SINGLE,2018-05-05T10:30:00.000Z,35.8,24.2,0.0,9.0,40.5,12.2
1136596,2018,night,SINGLE,2018-05-05T14:30:00.000Z,35.7,26.2,0.0,4.6,27.5,13.4
1136597,2018,daynight,SINGLE,2018-05-06T10:30:00.000Z,32.2,64.0,0.0,15.0,5.2,24.5
1136598,2018,night,SINGLE,2018-05-06T14:30:00.000Z,39.8,13.5,0.0,20.8,46.2,6.7
1136599,2018,night,SINGLE,2018-05-07T14:30:00.000Z,36.3,29.2,0.0,4.2,62.5,15.5
1136600,2018,night,SINGLE,2018-05-08T14:30:00.000Z,31.9,30.2,0.0,16.4,42.0,12.2
1136601,2018,night,SINGLE,2018-05-09T14:30:00.000Z,33.5,69.5,0.0,11.4,45.5,27.1
1136602,2018,night,SINGLE,2018-05-10T14:30:00.000Z,37.5,18.2,0.0,12.7,0.0,9.4
1136603,2018,night,SINGLE,2018-05-11T14:30:00.000Z,41.2,10.2,0.0,15.8,50.5,3.9
1136604,2018,daynight,SINGLE,2018-05-12T10:30:00.000Z,38.9,15.5,0.0,18.7,31.5,8.0
1136605,2018,night,SINGLE,2018-05-12T14:30:00.000Z,35.2,36.5,0.62,16.8,70.5,18.1
1136606,2018,daynight,SINGLE,2018-05-13T10:30:00.000Z,35.9,21.2,0.03,7.1,67.5,10.3
1136607,2018,night,SINGLE,2018-05-13T14:30:00.000Z,31.6,65.2,0.0,17.4,2.8,24.3
1136608,2018,night,SINGLE,2018-05-14T14:30:00.000Z,38.9,13.2,0.0,17.1,55.0,5.8
1136609,2018,night,SINGLE,2018-05-15T14:30:00.000Z,30.9,68.0,0.0,15.6,59.2,24.3
1136610,2018,night,SINGLE,2018-05-16T14:30:00.000Z,31.7,60.8,0.0,18.7,10.0,23.1
1136611,2018,night,SINGLE,2018-05-17T14:30:00.000Z,30.6,40.5,0.0,6.7,83.5,15.6
1136612,2018,night,SINGLE,2018-05-18T14:30:00.000Z,38.5,18.0,0.0,7.5,41.5,9.9
1136613,2018,daynight,SINGLE,2018-05-19T10:30:00.000Z,38.9,21.5,0.0,12.6,35.0,13.0
1136614,2018,night,SINGLE,2018-05-19T14:30:00.000Z,37.3,23.8,0.0,9.1,55.5,13.1
1136615,2018,daynight,SINGLE,2018-05-20T10:30:00.000Z,38.9,17.0,0.0,13.8,0.2,9.4
1136616,2018,night,SINGLE,2018-05-20T14:30:00.000Z,33.2,36.8,0.0,20.6,25.0,16.4
1136617,2018,night,SINGLE,2018-05-22T13:30:00.000Z,31.8,58.0,0.0,18.4,70.2,22.4
1136618,2018,night,SINGLE,2018-05-23T13:30:00.000Z,30.8,69.0,0.0,20.8,93.0,24.4
1136619,2018,night,SINGLE,2018-05-25T13:30:00.000Z,31.7,68.0,0.0,24.0,19.8,25.0
1136620,2018,night,SINGLE,2018-05-27T14:30:00.000Z,32.0,67.2,0.0,18.0,32.0,25.2
1175356,2019,night,SINGLE,2019-03-23T14:30:00.000Z,30.5,61.8,0.0,21.1,0.0,22.3
1175357,2019,daynight,SINGLE,2019-03-24T10:30:00.000Z,32.2,26.5,0.0,6.3,0.0,10.5
1175358,2019,night,SINGLE,2019-03-24T14:30:00.000Z,32.8,39.8,0.0,21.6,0.0,17.3
1175359,2019,night,SINGLE,2019-03-25T14:30:00.000Z,30.0,23.5,0.15,19.0,65.0,6.9
1175360,2019,night,SINGLE,2019-03-26T14:30:00.000Z,29.0,29.0,0.0,16.6,0.0,9.2
1175361,2019,night,SINGLE,2019-03-27T14:30:00.000Z,31.0,47.5,0.0,8.4,25.5,18.5
1175362,2019,night,SINGLE,2019-03-28T14:30:00.000Z,35.1,16.2,0.0,14.8,4.2,5.7
1175363,2019,night,SINGLE,2019-03-29T14:30:00.000Z,35.9,22.2,0.0,8.3,14.2,11.0
1175364,2019,daynight,SINGLE,2019-03-30T10:30:00.000Z,30.6,45.8,0.0,7.8,45.5,17.6
1175365,2019,night,SINGLE,2019-03-30T14:30:00.000Z,29.1,43.2,0.0,14.0,94.8,15.4
1175366,2019,daynight,SINGLE,2019-03-31T10:30:00.000Z,36.7,23.2,0.0,11.7,25.0,12.3
1175367,2019,night,SINGLE,2019-03-31T14:30:00.000Z,32.2,58.5,0.0,24.1,0.0,23.1
1175368,2019,night,SINGLE,2019-04-01T14:30:00.000Z,29.2,34.0,0.0,19.4,0.0,11.7
1175369,2019,night,SINGLE,2019-04-02T14:30:00.000Z,35.8,10.5,0.0,12.8,0.0,0.1
1175370,2019,night,SINGLE,2019-04-03T14:30:00.000Z,29.9,62.0,0.0,20.4,0.0,21.8
1175371,2019,night,SINGLE,2019-04-04T14:30:00.000Z,35.5,23.2,0.0,8.8,0.0,11.3
1175372,2019,night,SINGLE,2019-04-05T14:30:00.000Z,34.1,17.2,0.0,10.7,58.2,5.8
1178393,2019,daynight,SINGLE,2019-04-06T10:30:00.000Z,33.3,58.0,0.0,15.5,5.2,23.9
1178394,2019,night,SINGLE,2019-04-06T14:30:00.000Z,35.6,20.8,0.0,5.3,15.0,9.7
1178395,2019,daynight,SINGLE,2019-04-07T10:30:00.000Z,33.1,23.5,0.0,5.2,27.8,9.5
1178396,2019,night,SINGLE,2019-04-07T14:30:00.000Z,38.3,10.0,0.0,18.1,73.8,1.3
1178397,2019,night,SINGLE,2019-04-08T14:30:00.000Z,27.4,51.8,0.17,7.5,74.8,16.6
1178398,2019,night,SINGLE,2019-04-09T14:30:00.000Z,31.3,68.0,0.0,22.8,13.8,24.6
1178399,2019,night,SINGLE,2019-04-10T14:30:00.000Z,30.2,62.5,0.0,18.3,0.0,22.3
1178400,2019,night,SINGLE,2019-04-11T14:30:00.000Z,38.0,13.0,0.0,14.7,90.8,4.8
1178401,2019,night,SINGLE,2019-04-12T14:30:00.000Z,31.0,70.2,1.0,9.4,84.2,24.9
1178402,2019,daynight,SINGLE,2019-04-13T10:30:00.000Z,33.0,52.8,0.0,17.9,1.0,22.0
1178403,2019,night,SINGLE,2019-04-13T14:30:00.000Z,32.3,32.0,0.0,18.9,85.5,13.5
1178404,2019,daynight,SINGLE,2019-04-14T10:30:00.000Z,33.9,60.8,0.0,9.9,26.2,25.2
1178405,2019,night,SINGLE,2019-04-14T14:30:00.000Z,36.3,21.5,0.0,11.5,51.8,10.8
1178406,2019,night,SINGLE,2019-04-15T14:30:00.000Z,32.9,53.5,0.0,10.0,17.2,22.1
1178407,2019,night,SINGLE,2019-04-16T14:30:00.000Z,29.2,38.2,0.15,18.6,99.2,13.5
1178408,2019,night,SINGLE,2019-04-17T14:30:00.000Z,34.6,30.5,0.0,7.2,51.8,14.7
1178409,2019,night,SINGLE,2019-04-18T14:30:00.000Z,27.8,42.8,0.0,8.3,19.8,14.0
1178410,2019,night,SINGLE,2019-04-19T14:30:00.000Z,31.0,59.8,0.0,3.0,34.5,22.3
1178411,2019,daynight,SINGLE,2019-04-20T10:30:00.000Z,31.2,28.5,0.0,7.0,8.5,10.8
1178412,2019,night,SINGLE,2019-04-20T14:30:00.000Z,32.9,25.8,0.0,6.6,60.5,10.6
1178413,2019,daynight,SINGLE,2019-04-21T10:30:00.000Z,35.4,28.8,0.0,9.2,30.5,14.5
1178414,2019,night,SINGLE,2019-04-21T14:30:00.000Z,31.7,34.2,0.0,5.6,25.2,14.0
1178415,2019,night,SINGLE,2019-04-22T14:30:00.000Z,37.9,12.2,0.0,16.2,26.8,3.9
1178416,2019,night,SINGLE,2019-04-23T14:30:00.000Z,31.9,66.5,0.0,15.8,13.8,24.8
1178417,2019,night,SINGLE,2019-04-24T14:30:00.000Z,32.4,26.2,0.0,14.6,28.8,10.6
1178418,2019,night,SINGLE,2019-04-25T14:30:00.000Z,33.7,50.0,0.0,14.0,18.8,21.8
1178419,2019,night,SINGLE,2019-04-26T14:30:00.000Z,32.4,62.8,0.0,19.8,73.0,24.3
1178420,2019,night,SINGLE,2019-04-27T14:30:00.000Z,40.0,12.0,0.0,15.0,5.2,5.2
1178421,2019,daynight,SINGLE,2019-04-28T10:30:00.000Z,39.1,11.2,0.0,21.7,0.0,3.6
1178422,2019,night,SINGLE,2019-04-28T14:30:00.000Z,34.0,61.5,0.0,20.7,6.0,25.5
1178423,2019,night,SINGLE,2019-04-29T14:30:00.000Z,37.9,24.8,0.0,3.1,29.5,14.3
1178424,2019,night,SINGLE,2019-04-30T14:30:00.000Z,33.0,34.8,0.0,8.9,100.0,15.3
1178425,2019,night,SINGLE,2019-05-01T14:30:00.000Z,33.1,58.2,0.0,14.7,100.0,23.8
1178426,2019,night,SINGLE,2019-05-02T14:30:00.000Z,29.9,62.0,0.0,18.2,93.8,21.8
1178427,2019,night,SINGLE,2019-05-03T14:30:00.000Z,34.5,18.5,0.0,12.2,42.5,7.1
1178428,2019,daynight,SINGLE,2019-05-04T10:30:00.000Z,36.7,14.0,0.0,17.6,0.2,4.8
1178429,2019,night,SINGLE,2019-05-04T14:30:00.000Z,32.0,32.8,0.0,3.6,97.0,13.6
1178430,2019,daynight,SINGLE,2019-05-05T10:30:00.000Z,34.9,17.5,0.0,18.6,11.5,6.6
1178431,2019,night,SINGLE,2019-05-05T14:30:00.000Z,30.3,62.0,0.0,17.8,0.5,22.2
1181764,2019,night,SINGLE,2019-05-07T14:00:00.000Z,33.6,66.2,0.0,24.5,97.8,26.4
1181766,2019,night,SINGLE,2019-05-08T14:00:00.000Z,31.9,76.2,0.0,16.7,47.0,27.2
1181767,2019,night,SINGLE,2019-05-10T14:00:00.000Z,32.1,72.5,0.0,21.2,3.2,26.5
1181768,2019,night,SINGLE,2019-05-12T14:00:00.000Z,37.0,24.0,0.0,5.0,40.2,13.1
1216492,2020,night,SINGLE,2020-09-19T14:00:00.000Z,35.6,44.5,0.0,21.9,0.0,21.6
1216493,2020,night,SINGLE,2020-09-20T14:00:00.000Z,35.5,46.8,0.0,22.4,0.0,22.3
1216534,2020,night,SINGLE,2020-09-21T14:00:00.000Z,36.2,42.2,0.0,22.0,0.0,21.3
1216496,2020,night,SINGLE,2020-09-22T14:00:00.000Z,35.9,44.2,0.0,23.2,0.0,21.8
1216508,2020,night,SINGLE,2020-09-23T14:00:00.000Z,35.7,45.2,0.0,21.1,0.0,22.0
1216510,2020,night,SINGLE,2020-09-24T14:00:00.000Z,36.8,40.2,0.0,22.1,0.0,21.0
1216539,2020,night,SINGLE,2020-09-25T14:00:00.000Z,38.1,25.0,0.0,20.6,0.0,14.6
1216545,2020,night,SINGLE,2020-09-26T14:00:00.000Z,35.1,48.8,0.0,20.3,0.0,22.7
1216527,2020,night,SINGLE,2020-09-27T14:00:00.000Z,33.8,56.0,0.0,18.8,0.0,23.7
1216547,2020,night,SINGLE,2020-09-28T14:00:00.000Z,35.7,40.2,0.0,20.6,0.8,20.1
1216532,2020,night,SINGLE,2020-09-29T14:00:00.000Z,36.3,31.8,0.0,13.4,0.0,16.8
1216504,2020,night,SINGLE,2020-09-30T14:00:00.000Z,38.3,20.2,0.0,19.3,0.2,11.5
1216503,2020,night,SINGLE,2020-10-01T14:00:00.000Z,36.6,22.5,0.0,16.8,0.0,11.7
1216516,2020,night,SINGLE,2020-10-02T14:00:00.000Z,35.5,40.5,0.0,19.2,0.0,20.0
1216514,2020,day,SINGLE,2020-10-03T10:00:00.000Z,33.0,60.2,0.0,6.9,0.0,24.2
1216515,2020,night,SINGLE,2020-10-03T14:00:00.000Z,32.8,62.5,0.0,20.2,2.2,24.7
1216538,2020,day,SINGLE,2020-10-04T10:00:00.000Z,33.6,58.8,0.0,7.2,0.0,24.4
1216513,2020,night,SINGLE,2020-10-04T14:00:00.000Z,35.2,45.2,0.0,22.9,19.2,21.5
1216519,2020,night,SINGLE,2020-10-05T14:00:00.000Z,36.2,34.8,0.0,21.4,4.8,18.2
1216511,2020,night,SINGLE,2020-10-06T14:00:00.000Z,35.2,41.0,0.0,19.7,0.0,20.0
1216501,2020,night,SINGLE,2020-10-07T14:00:00.000Z,35.9,33.2,0.0,23.1,0.0,17.2
1216542,2020,night,SINGLE,2020-10-08T14:00:00.000Z,35.4,42.2,0.0,22.5,1.8,20.6
1216500,2020,night,SINGLE,2020-10-09T14:00:00.000Z,33.6,53.0,0.0,20.6,14.2,22.7
1216523,2020,day,SINGLE,2020-10-10T10:00:00.000Z,34.5,35.5,0.0,22.5,0.0,17.0
1216525,2020,night,SINGLE,2020-10-10T14:00:00.000Z,34.4,37.8,0.0,24.8,1.5,17.9
1216507,2020,day,SINGLE,2020-10-11T10:00:00.000Z,34.5,40.8,0.0,13.8,0.0,19.2
1216529,2020,night,SINGLE,2020-10-11T14:00:00.000Z,33.0,43.8,0.0,23.8,0.5,19.1
1216540,2020,night,SINGLE,2020-10-12T14:00:00.000Z,33.8,48.2,0.0,20.0,1.5,21.3
1216528,2020,night,SINGLE,2020-10-13T14:00:00.000Z,34.8,29.0,0.0,20.1,0.2,14.1
1216543,2020,night,SINGLE,2020-10-14T14:00:00.000Z,33.9,26.5,0.0,26.6,0.0,12.0
1216531,2020,night,SINGLE,2020-10-15T14:00:00.000Z,33.1,31.5,0.0,26.4,0.0,14.0
1216526,2020,night,SINGLE,2020-10-16T14:00:00.000Z,32.8,30.2,0.0,25.2,0.0,13.0
1216522,2020,day,SINGLE,2020-10-17T10:00:00.000Z,33.9,12.8,0.0,12.4,0.0,1.3
1216509,2020,night,SINGLE,2020-10-17T14:00:00.000Z,32.8,33.5,0.0,22.2,0.0,14.6
1216512,2020,day,SINGLE,2020-10-18T10:00:00.000Z,32.9,25.8,0.0,20.8,0.0,10.7
1216517,2020,night,SINGLE,2020-10-18T14:00:00.000Z,35.2,12.5,0.0,16.6,0.0,2.1
1216533,2020,night,SINGLE,2020-10-19T14:00:00.000Z,32.4,37.2,0.0,26.3,0.0,15.9
1216546,2020,night,SINGLE,2020-10-20T14:00:00.000Z,33.0,34.0,0.0,20.8,0.0,15.0
1216494,2020,night,SINGLE,2020-10-21T14:00:00.000Z,32.5,33.8,0.0,19.6,0.0,14.5
1216518,2020,night,SINGLE,2020-10-22T14:00:00.000Z,31.9,42.0,0.0,18.1,0.0,17.4
1216521,2020,night,SINGLE,2020-10-23T14:00:00.000Z,30.7,51.8,0.0,20.6,0.0,19.6
1216497,2020,day,SINGLE,2020-10-24T10:00:00.000Z,33.2,11.5,0.0,16.7,0.0,-0.6
1216498,2020,night,SINGLE,2020-10-24T14:00:00.000Z,33.6,25.8,0.0,23.5,0.0,11.3
1216544,2020,day,SINGLE,2020-10-25T10:00:00.000Z,33.5,18.2,0.0,18.1,0.0,6.1
1216541,2020,night,SINGLE,2020-10-25T14:00:00.000Z,33.9,17.0,0.0,13.1,0.0,5.4
1216520,2020,night,SINGLE,2020-10-26T14:00:00.000Z,31.1,37.8,0.0,21.8,0.0,14.9
1216524,2020,night,SINGLE,2020-10-27T14:00:00.000Z,31.8,19.0,0.0,11.4,0.0,5.3
1216499,2020,night,SINGLE,2020-10-28T14:00:00.000Z,30.7,32.5,0.0,18.6,0.0,12.3
1216536,2020,night,SINGLE,2020-10-29T14:00:00.000Z,31.7,38.0,0.0,19.4,0.0,15.6
1216537,2020,night,SINGLE,2020-10-30T14:00:00.000Z,30.8,45.5,0.0,20.2,0.0,17.6
1216535,2020,day,SINGLE,2020-10-31T10:00:00.000Z,31.4,33.2,0.0,5.0,0.0,13.3
1216502,2020,night,SINGLE,2020-10-31T14:00:00.000Z,30.1,52.2,0.0,18.2,0.0,19.2
1216506,2020,day,SINGLE,2020-11-01T10:00:00.000Z,29.3,58.5,0.0,5.2,0.0,20.3
1216530,2020,night,SINGLE,2020-11-01T14:00:00.000Z,30.3,47.5,0.0,16.6,0.0,17.9
1216505,2020,night,SINGLE,2020-11-02T14:00:00.000Z,30.4,50.2,0.0,17.8,0.0,18.9
1216495,2020,night,SINGLE,2020-11-03T14:00:00.000Z,30.2,54.2,0.0,18.7,0.0,19.9
1237177,2020,night,SINGLE,2020-11-05T14:00:00.000Z,30.2,46.8,0.0,15.8,0.0,17.5
1237178,2020,night,SINGLE,2020-11-06T14:00:00.000Z,32.1,24.2,0.0,10.2,0.0,9.1
1237180,2020,night,SINGLE,2020-11-08T14:00:00.000Z,30.9,44.2,0.0,8.8,25.2,17.3
1237181,2020,night,SINGLE,2020-11-10T14:00:00.000Z,30.2,50.2,0.0,21.0,0.0,18.7
1254058,2021,night,SINGLE,2021-04-09T14:00:00.000Z,30.6,51.0,0.0,18.6,52.5,19.3
1254059,2021,night,SINGLE,2021-04-10T14:00:00.000Z,31.3,55.8,0.0,16.8,3.0,21.4
1254060,2021,night,SINGLE,2021-04-11T14:00:00.000Z,30.0,69.0,0.0,15.7,4.8,23.7
1254061,2021,night,SINGLE,2021-04-12T14:00:00.000Z,32.5,52.5,0.0,17.1,1.5,21.5
1254062,2021,night,SINGLE,2021-04-13T14:00:00.000Z,30.4,67.8,0.0,17.4,13.8,23.7
1254063,2021,night,SINGLE,2021-04-14T14:00:00.000Z,29.3,74.2,0.1,15.2,94.5,24.2
1254064,2021,night,SINGLE,2021-04-15T14:00:00.000Z,31.2,60.2,0.0,18.1,16.2,22.6
1254065,2021,night,SINGLE,2021-04-16T14:00:00.000Z,30.7,58.8,0.0,20.6,2.8,21.7
1254066,2021,night,SINGLE,2021-04-17T14:00:00.000Z,30.8,71.0,0.0,17.2,29.2,24.9
1254067,2021,daynight,SINGLE,2021-04-18T10:00:00.000Z,33.2,59.5,0.0,19.3,9.2,24.2
1254068,2021,night,SINGLE,2021-04-18T14:00:00.000Z,33.2,54.8,0.0,17.6,0.0,22.8
1254069,2021,night,SINGLE,2021-04-19T14:00:00.000Z,31.4,58.2,0.0,17.6,0.0,22.2
1254070,2021,night,SINGLE,2021-04-20T14:00:00.000Z,31.5,67.5,0.0,21.7,83.8,24.7
1254071,2021,daynight,SINGLE,2021-04-21T10:00:00.000Z,33.1,61.8,0.0,22.0,76.0,24.8
1254072,2021,night,SINGLE,2021-04-21T14:00:00.000Z,30.7,60.2,0.0,18.7,34.8,22.1
1254073,2021,night,SINGLE,2021-04-22T14:00:00.000Z,31.1,61.0,0.0,22.9,93.0,22.7
1254074,2021,night,SINGLE,2021-04-23T14:00:00.000Z,31.2,67.5,0.0,18.7,79.2,24.5
1254075,2021,night,SINGLE,2021-04-24T14:00:00.000Z,30.9,60.0,0.0,21.4,4.8,22.3
1254076,2021,daynight,SINGLE,2021-04-25T10:00:00.000Z,33.3,54.2,0.0,14.6,43.2,22.8
1254077,2021,night,SINGLE,2021-04-25T14:00:00.000Z,31.2,66.2,0.0,20.4,1.5,24.1
1254078,2021,night,SINGLE,2021-04-26T14:00:00.000Z,41.5,9.2,0.0,5.4,27.0,2.6
1254079,2021,night,SINGLE,2021-04-27T14:00:00.000Z,40.2,12.8,0.0,10.1,82.0,6.2
1254080,2021,night,SINGLE,2021-04-28T14:00:00.000Z,40.9,9.5,0.0,14.2,38.5,2.5
1254081,2021,daynight,SINGLE,2021-04-29T10:00:00.000Z,39.6,15.0,0.0,10.2,29.8,8.1
1254082,2021,night,SINGLE,2021-04-29T14:00:00.000Z,40.5,15.2,0.0,7.8,91.8,9.0
1254083,2021,night,SINGLE,2021-04-30T14:00:00.000Z,40.8,14.8,0.0,8.3,23.5,8.8
1254084,2021,night,SINGLE,2021-05-01T14:00:00.000Z,36.7,19.0,0.0,14.8,84.0,9.3
1254085,2021,daynight,SINGLE,2021-05-02T10:00:00.000Z,37.7,20.0,0.0,8.8,48.2,10.8
1254086,2021,night,SINGLE,2021-05-02T14:00:00.000Z,36.7,25.2,0.0,17.1,32.8,13.6
1254104,2021,night,SINGLE,2021-09-19T14:00:00.000Z,39.4,26.8,0.0,21.3,4.8,16.7
1254087,2021,night,SINGLE,2021-09-20T14:00:00.000Z,36.2,44.0,0.0,21.3,0.0,22.0
1254111,2021,night,SINGLE,2021-09-21T14:00:00.000Z,35.9,54.8,0.0,22.6,0.5,25.4
1254105,2021,night,SINGLE,2021-09-22T14:00:00.000Z,35.4,47.8,0.0,20.1,0.0,22.6
1254096,2021,night,SINGLE,2021-09-23T14:00:00.000Z,35.1,43.8,0.0,19.9,0.0,20.9
1254113,2021,night,SINGLE,2021-09-24T14:00:00.000Z,35.1,53.2,0.0,20.9,6.8,24.1
1254097,2021,day,SINGLE,2021-09-25T10:00:00.000Z,34.8,51.2,0.0,14.3,56.8,23.2
1254107,2021,night,SINGLE,2021-09-25T14:00:00.000Z,34.9,47.5,0.0,19.1,0.0,22.1
1254098,2021,day,SINGLE,2021-09-26T10:00:00.000Z,36.1,51.8,0.0,25.2,0.0,24.6
1254108,2021,night,SINGLE,2021-09-26T14:00:00.000Z,36.5,46.5,0.0,22.9,0.2,23.1
1254100,2021,night,SINGLE,2021-09-27T14:00:00.000Z,35.3,44.5,0.0,18.2,11.5,21.3
1254092,2021,day,SINGLE,2021-09-28T10:00:00.000Z,35.0,52.0,0.0,8.5,0.0,23.6
1254099,2021,night,SINGLE,2021-09-28T14:00:00.000Z,34.4,54.2,0.0,22.0,1.5,23.8
1254103,2021,night,SINGLE,2021-09-29T14:00:00.000Z,35.9,47.0,0.0,22.7,25.5,22.8
1254091,2021,night,SINGLE,2021-09-30T14:00:00.000Z,34.5,55.2,0.0,21.9,70.5,24.2
1254102,2021,night,SINGLE,2021-10-01T14:00:00.000Z,35.7,50.0,0.0,20.6,29.5,23.6
1254112,2021,day,SINGLE,2021-10-02T10:00:00.000Z,34.7,50.5,0.0,9.1,96.2,22.9
1254089,2021,night,SINGLE,2021-10-02T14:00:00.000Z,34.8,55.0,0.0,19.2,81.0,24.4
1254090,2021,day,SINGLE,2021-10-03T10:00:00.000Z,36.7,36.5,0.0,12.6,100.0,19.4
1254109,2021,night,SINGLE,2021-10-03T14:00:00.000Z,36.4,34.5,0.0,27.7,100.0,18.2
1254110,2021,night,SINGLE,2021-10-04T14:00:00.000Z,35.0,39.5,0.0,15.4,99.0,19.2
1254093,2021,night,SINGLE,2021-10-05T14:00:00.000Z,34.2,51.0,0.0,20.1,1.5,22.6
1254095,2021,night,SINGLE,2021-10-06T14:00:00.000Z,34.2,52.0,0.0,18.4,0.0,22.9
1254094,2021,day,SINGLE,2021-10-07T10:00:00.000Z,36.6,30.2,0.0,10.5,0.0,16.3
1254106,2021,night,SINGLE,2021-10-07T14:00:00.000Z,34.7,41.8,0.0,19.2,0.0,19.8
1254088,2021,night,SINGLE,2021-10-08T14:00:00.000Z,33.9,58.8,0.0,21.4,0.0,24.7
1254101,2021,night,SINGLE,2021-10-08T14:00:00.000Z,34.5,54.0,0.0,19.7,0.0,23.8
1254114,2021,night,SINGLE,2021-10-10T14:00:00.000Z,36.1,40.8,0.0,15.8,0.0,20.7
1254115,2021,night,SINGLE,2021-10-11T14:00:00.000Z,35.8,36.2,0.0,20.0,0.0,18.4
1254116,2021,night,SINGLE,2021-10-13T14:00:00.000Z,34.9,38.2,0.0,16.4,0.0,18.5
1254117,2021,night,SINGLE,2021-10-15T14:00:00.000Z,34.0,49.5,0.0,16.5,0.0,21.9
1304047,2022,night,SINGLE,2022-03-26T14:00:00.000Z,30.2,59.8,0.0,20.9,0.0,21.5
1304048,2022,daynight,SINGLE,2022-03-27T10:00:00.000Z,31.8,51.8,0.0,10.0,5.8,20.6
1304049,2022,night,SINGLE,2022-03-27T14:00:00.000Z,34.0,40.5,0.0,17.9,49.2,18.7
1304050,2022,night,SINGLE,2022-03-28T14:00:00.000Z,30.7,63.5,0.0,19.0,23.8,22.9
1304051,2022,night,SINGLE,2022-03-29T14:00:00.000Z,37.9,13.0,0.0,17.5,13.0,4.7
1304052,2022,night,SINGLE,2022-03-30T14:00:00.000Z,36.8,28.0,0.0,17.8,0.0,15.2
1304053,2022,night,SINGLE,2022-03-31T14:00:00.000Z,30.5,54.8,0.0,16.2,0.0,20.3
1304054,2022,night,SINGLE,2022-04-01T14:00:00.000Z,30.2,59.0,0.0,18.2,0.0,21.3
1304055,2022,daynight,SINGLE,2022-04-02T10:00:00.000Z,32.2,55.0,0.0,9.8,33.2,22.0
1304056,2022,night,SINGLE,2022-04-02T14:00:00.000Z,37.5,12.5,0.0,9.8,0.5,3.8
1304057,2022,night,SINGLE,2022-04-03T14:00:00.000Z,30.4,59.0,0.0,22.8,42.0,21.4
1304058,2022,night,SINGLE,2022-04-04T14:00:00.000Z,32.6,57.8,0.0,18.7,26.5,23.2
1304059,2022,night,SINGLE,2022-04-05T14:00:00.000Z,30.9,66.5,0.0,20.5,79.2,23.9
1304060,2022,night,SINGLE,2022-04-06T14:00:00.000Z,37.5,17.8,0.0,20.9,96.0,8.9
1304061,2022,night,SINGLE,2022-04-07T14:00:00.000Z,33.4,53.5,0.0,16.9,59.2,22.6
1304062,2022,night,SINGLE,2022-04-08T14:00:00.000Z,31.6,64.0,0.0,19.6,13.0,23.9
1304063,2022,daynight,SINGLE,2022-04-09T10:00:00.000Z,34.2,46.0,0.0,13.5,35.0,20.9
1304064,2022,night,SINGLE,2022-04-09T14:00:00.000Z,36.4,21.0,0.0,14.9,79.8,10.5
1304065,2022,daynight,SINGLE,2022-04-10T10:00:00.000Z,32.0,55.2,0.0,12.7,9.8,21.9
1304066,2022,night,SINGLE,2022-04-10T14:00:00.000Z,31.4,53.8,0.0,17.1,19.8,20.8
1304067,2022,night,SINGLE,2022-04-11T14:00:00.000Z,33.4,47.5,0.0,20.1,100.0,20.7
1304068,2022,night,SINGLE,2022-04-12T14:00:00.000Z,36.0,32.2,0.0,20.7,53.0,16.8
1304069,2022,night,SINGLE,2022-04-13T14:00:00.000Z,38.3,16.0,0.0,5.3,99.5,8.0
1304070,2022,night,SINGLE,2022-04-14T14:00:00.000Z,32.8,58.2,0.0,17.5,4.8,23.5
1304071,2022,night,SINGLE,2022-04-15T14:00:00.000Z,30.6,61.2,0.0,18.1,0.0,22.3
1304072,2022,daynight,SINGLE,2022-04-16T10:00:00.000Z,31.0,58.5,0.0,12.5,0.2,21.9
1304073,2022,night,SINGLE,2022-04-16T14:00:00.000Z,30.3,63.2,0.0,18.8,0.0,22.5
1304074,2022,daynight,SINGLE,2022-04-17T10:00:00.000Z,33.5,43.0,0.0,11.6,0.0,19.2
1304075,2022,night,SINGLE,2022-04-17T14:00:00.000Z,37.8,10.8,0.0,6.6,2.2,1.9
1304076,2022,night,SINGLE,2022-04-18T14:00:00.000Z,30.6,59.5,0.0,18.8,1.0,21.8
1304077,2022,night,SINGLE,2022-04-19T14:00:00.000Z,32.8,54.5,0.0,18.3,56.0,22.4
1304078,2022,night,SINGLE,2022-04-20T14:00:00.000Z,31.9,61.2,0.0,21.8,32.5,23.5
1304079,2022,night,SINGLE,2022-04-21T14:00:00.000Z,40.3,20.2,0.0,16.7,7.5,13.1
1304080,2022,night,SINGLE,2022-04-22T14:00:00.000Z,34.6,51.5,0.0,18.7,0.0,23.1
1304081,2022,daynight,SINGLE,2022-04-23T10:00:00.000Z,39.3,27.8,0.0,7.0,9.0,17.2
1304082,2022,night,SINGLE,2022-04-23T14:00:00.000Z,34.2,48.0,0.0,15.2,0.0,21.6
1304083,2022,night,SINGLE,2022-04-24T14:00:00.000Z,32.4,63.8,0.0,15.8,5.0,24.6
1304084,2022,night,SINGLE,2022-04-25T14:00:00.000Z,35.1,35.8,0.0,22.1,0.0,17.6
1304085,2022,night,SINGLE,2022-04-26T14:00:00.000Z,38.6,14.0,0.0,8.4,43.0,6.3
1304086,2022,night,SINGLE,2022-04-27T14:00:00.000Z,34.7,44.2,0.0,21.9,0.0,20.7
1304087,2022,night,SINGLE,2022-04-28T14:00:00.000Z,34.6,50.8,0.0,17.9,0.8,22.9
1304088,2022,night,SINGLE,2022-04-29T14:00:00.000Z,38.4,16.8,0.0,18.1,25.8,8.8
1304089,2022,daynight,SINGLE,2022-04-30T10:00:00.000Z,32.8,58.5,0.0,16.0,0.0,23.5
1304090,2022,night,SINGLE,2022-04-30T14:00:00.000Z,33.2,52.8,0.0,17.6,0.0,22.2
1304091,2022,daynight,SINGLE,2022-05-01T10:00:00.000Z,32.6,60.2,0.0,13.0,1.0,23.9
1304092,2022,night,SINGLE,2022-05-01T14:00:00.000Z,36.5,19.0,0.0,19.4,16.8,9.1
1304093,2022,night,SINGLE,2022-05-02T14:00:00.000Z,31.6,67.8,0.0,18.8,2.0,24.8
1304094,2022,night,SINGLE,2022-05-03T14:00:00.000Z,33.0,61.0,0.0,18.3,0.8,24.4
1304095,2022,night,SINGLE,2022-05-04T14:00:00.000Z,37.3,17.5,0.0,17.2,1.2,8.5
1304096,2022,night,SINGLE,2022-05-05T14:00:00.000Z,31.2,66.2,0.0,22.7,5.5,24.2
1304097,2022,night,SINGLE,2022-05-06T14:00:00.000Z,31.1,65.0,0.0,22.2,5.2,23.7
1304098,2022,daynight,SINGLE,2022-05-07T10:00:00.000Z,32.8,62.0,0.0,16.0,4.0,24.5
1304099,2022,night,SINGLE,2022-05-07T14:00:00.000Z,37.1,18.5,0.0,18.7,3.2,9.3
1304100,2022,daynight,SINGLE,2022-05-08T10:00:00.000Z,32.9,62.2,0.0,17.8,10.8,24.7
1304101,2022,night,SINGLE,2022-05-08T14:00:00.000Z,34.5,53.8,0.0,19.9,56.8,23.7
1304102,2022,night,SINGLE,2022-05-09T14:00:00.000Z,32.6,62.2,0.0,19.7,89.8,24.4
1304103,2022,night,SINGLE,2022-05-10T14:00:00.000Z,33.7,37.5,0.0,21.2,100.0,17.2
1304104,2022,night,SINGLE,2022-05-11T14:00:00.000Z,32.3,62.8,0.0,18.1,99.8,24.3
1304105,2022,night,SINGLE,2022-05-12T14:00:00.000Z,30.4,69.0,0.0,16.9,100.0,24.0
1304106,2022,night,SINGLE,2022-05-13T14:00:00.000Z,31.2,65.8,0.0,17.5,45.8,24.0
1304107,2022,night,SINGLE,2022-05-14T14:00:00.000Z,35.0,30.0,0.0,20.4,0.0,14.8
1304108,2022,daynight,SINGLE,2022-05-15T10:00:00.000Z,32.6,57.8,0.0,14.7,11.8,23.2
1304109,2022,night,SINGLE,2022-05-15T14:00:00.000Z,31.4,65.2,0.0,17.2,1.0,24.1
1304110,2022,night,SINGLE,2022-05-16T14:00:00.000Z,33.6,55.0,0.0,19.4,0.0,23.3
1304111,2022,night,SINGLE,2022-05-17T14:00:00.000Z,31.5,63.8,0.0,17.7,15.0,23.8
1304112,2022,night,SINGLE,2022-05-18T14:00:00.000Z,33.0,53.8,0.0,18.4,0.0,22.3
1304113,2022,night,SINGLE,2022-05-19T14:00:00.000Z,31.0,66.5,0.0,20.9,4.5,24.0
1304114,2022,night,SINGLE,2022-05-20T14:00:00.000Z,31.0,60.0,0.0,18.0,12.0,22.3
1304115,2022,night,SINGLE,2022-05-21T14:00:00.000Z,31.4,58.2,0.0,20.1,80.0,22.2
1304116,2022,night,SINGLE,2022-05-22T14:00:00.000Z,31.4,61.2,0.15,22.0,53.0,23.0
1312197,2022,night,SINGLE,2022-05-24T14:00:00.000Z,32.6,57.2,0.0,4.3,42.5,23.0
1312198,2022,night,SINGLE,2022-05-25T14:00:00.000Z,28.4,78.2,0.38,6.0,50.2,24.3
1312199,2022,night,SINGLE,2022-05-27T14:00:00.000Z,40.0,24.0,0.0,20.9,7.8,15.6
1312200,2022,night,SINGLE,2022-05-29T14:30:00.000Z,39.8,28.8,0.0,18.6,0.2,18.2
1359475,2023,night,SINGLE,2023-03-31T14:00:00.000Z,32.8,24.8,0.0,13.9,16.5,10.0
1359476,2023,daynight,SINGLE,2023-04-01T10:00:00.000Z,22.2,63.2,0.1,15.6,55.8,14.9
1359477,2023,night,SINGLE,2023-04-01T14:00:00.000Z,25.2,56.5,0.08,7.7,65.5,15.9
1359478,2023,daynight,SINGLE,2023-04-02T10:00:00.000Z,32.3,33.2,0.0,4.4,14.0,14.0
1359479,2023,night,SINGLE,2023-04-02T14:00:00.000Z,32.9,22.0,0.0,9.9,72.5,8.3
1359480,2023,night,SINGLE,2023-04-03T14:00:00.000Z,29.8,71.2,0.0,21.2,31.8,24.0
1359481,2023,night,SINGLE,2023-04-04T14:00:00.000Z,28.5,38.8,0.0,14.4,6.0,13.1
1359482,2023,night,SINGLE,2023-04-05T14:00:00.000Z,26.7,69.8,0.0,5.2,8.5,20.7
1359483,2023,night,SINGLE,2023-04-06T14:00:00.000Z,34.3,28.2,0.0,8.8,7.2,13.3
1359484,2023,night,SINGLE,2023-04-07T14:00:00.000Z,33.7,16.0,0.0,19.9,39.2,4.4
1359485,2023,daynight,SINGLE,2023-04-08T10:00:00.000Z,30.2,52.0,0.0,10.8,53.0,19.2
1359486,2023,night,SINGLE,2023-04-08T14:00:00.000Z,31.9,54.0,0.0,15.7,99.5,21.4
1359487,2023,daynight,SINGLE,2023-04-09T10:00:00.000Z,36.7,19.2,0.0,3.1,18.5,9.5
1359488,2023,night,SINGLE,2023-04-09T14:00:00.000Z,33.5,27.5,0.0,10.1,4.0,12.2
1359489,2023,night,SINGLE,2023-04-10T14:00:00.000Z,31.9,26.8,0.0,18.1,13.0,10.4
1359490,2023,night,SINGLE,2023-04-11T14:00:00.000Z,35.9,12.5,0.0,22.8,2.0,2.6
1359491,2023,night,SINGLE,2023-04-12T14:00:00.000Z,31.9,52.5,0.0,15.9,0.0,21.0
1359492,2023,night,SINGLE,2023-04-13T14:00:00.000Z,32.8,26.2,0.0,18.9,0.8,10.8
1359493,2023,night,SINGLE,2023-04-14T14:00:00.000Z,40.4,17.5,0.0,8.3,5.0,11.0
1359494,2023,daynight,SINGLE,2023-04-15T10:00:00.000Z,32.6,23.2,0.0,10.5,100.0,8.9
1359495,2023,night,SINGLE,2023-04-15T14:00:00.000Z,38.5,17.8,0.0,9.5,85.2,9.7
1359496,2023,daynight,SINGLE,2023-04-16T10:00:00.000Z,33.8,39.5,0.0,17.0,11.5,18.0
1359497,2023,night,SINGLE,2023-04-16T14:00:00.000Z,39.0,13.8,0.0,11.1,2.5,6.4
1359498,2023,night,SINGLE,2023-04-17T14:00:00.000Z,33.8,18.0,0.0,16.2,0.2,6.1
1359499,2023,night,SINGLE,2023-04-18T14:00:00.000Z,36.8,19.5,0.0,10.5,73.5,9.8
1359500,2023,night,SINGLE,2023-04-19T14:00:00.000Z,36.4,15.8,0.0,21.3,89.2,6.3
1359501,2023,daynight,SINGLE,2023-04-20T10:00:00.000Z,28.3,42.2,0.0,9.8,46.0,14.3
1359502,2023,night,SINGLE,2023-04-20T14:00:00.000Z,32.3,31.5,0.0,15.6,40.0,13.2
1359503,2023,night,SINGLE,2023-04-21T14:00:00.000Z,32.2,67.5,0.0,23.1,26.8,25.4
1359504,2023,daynight,SINGLE,2023-04-22T10:00:00.000Z,34.0,23.8,0.0,6.2,15.2,10.4
1359505,2023,night,SINGLE,2023-04-22T14:00:00.000Z,30.1,63.5,0.0,18.7,0.0,22.4
1359506,2023,daynight,SINGLE,2023-04-23T10:00:00.000Z,32.0,33.2,0.0,4.1,28.2,13.8
1359507,2023,night,SINGLE,2023-04-23T14:00:00.000Z,30.2,55.5,0.33,10.2,83.2,20.3
1359508,2023,night,SINGLE,2023-04-24T14:00:00.000Z,30.6,47.8,0.93,7.5,56.5,18.2
1359509,2023,night,SINGLE,2023-04-25T14:00:00.000Z,39.7,9.5,0.0,2.2,60.8,1.6
1359510,2023,night,SINGLE,2023-04-26T14:00:00.000Z,32.2,32.0,0.05,11.8,100.0,13.4
1359511,2023,night,SINGLE,2023-04-27T14:00:00.000Z,33.6,18.0,0.03,13.1,81.2,6.0
1359512,2023,night,SINGLE,2023-04-28T14:00:00.000Z,30.3,32.8,0.0,12.2,91.0,12.1
1359513,2023,daynight,SINGLE,2023-04-29T10:00:00.000Z,31.9,66.0,1.32,11.6,58.8,24.7
1359514,2023,night,SINGLE,2023-04-29T14:00:00.000Z,29.4,40.2,0.2,6.0,90.0,14.5
1359515,2023,daynight,SINGLE,2023-04-30T10:00:00.000Z,31.6,65.2,0.17,15.5,59.2,24.3
1359516,2023,night,SINGLE,2023-04-30T14:00:00.000Z,30.4,59.2,0.0,18.6,2.5,21.5
1359517,2023,night,SINGLE,2023-05-01T14:00:00.000Z,26.2,63.0,0.6,11.4,96.0,18.6
1359518,2023,night,SINGLE,2023-05-02T14:00:00.000Z,32.8,39.8,0.05,7.1,85.0,17.3
1359519,2023,daynight,SINGLE,2023-05-03T10:00:00.000Z,28.9,60.0,0.08,3.0,82.0,20.3
1359520,2023,night,SINGLE,2023-05-03T14:00:00.000Z,26.3,52.0,0.23,8.9,49.5,15.6
1359521,2023,night,SINGLE,2023-05-04T14:00:00.000Z,30.7,51.8,0.0,2.5,29.8,19.6
1359522,2023,night,SINGLE,2023-05-05T14:00:00.000Z,33.6,24.2,0.03,8.9,42.2,10.4
1359523,2023,daynight,SINGLE,2023-05-06T10:00:00.000Z,29.6,77.5,0.68,5.8,88.8,25.2
1359524,2023,night,SINGLE,2023-05-06T14:00:00.000Z,31.1,39.0,0.25,16.2,61.5,15.5
1359525,2023,daynight,SINGLE,2023-05-07T10:00:00.000Z,38.0,28.8,0.0,10.4,16.0,16.7
1359526,2023,night,SINGLE,2023-05-07T14:00:00.000Z,37.3,12.2,0.0,17.2,19.5,3.4
1359527,2023,night,SINGLE,2023-05-08T14:00:00.000Z,36.8,33.5,0.0,9.2,22.2,18.1
1359528,2023,night,SINGLE,2023-05-09T14:00:00.000Z,31.9,61.8,0.0,18.1,100.0,23.7
1359529,2023,night,SINGLE,2023-05-10T14:00:00.000Z,31.7,67.2,0.0,13.9,100.0,24.9
1359530,2023,night,SINGLE,2023-05-11T14:00:00.000Z,33.6,54.2,0.1,11.4,48.5,23.1
1359531,2023,night,SINGLE,2023-05-12T14:00:00.000Z,32.8,64.5,0.0,15.7,13.0,25.2
1359532,2023,daynight,SINGLE,2023-05-13T10:00:00.000Z,36.4,28.5,0.0,14.3,100.0,15.2
1359533,2023,night,SINGLE,2023-05-13T14:00:00.000Z,40.4,14.0,0.0,13.9,30.8,7.7
1359534,2023,daynight,SINGLE,2023-05-14T10:00:00.000Z,40.6,9.8,0.0,15.8,33.0,2.7
1359535,2023,night,SINGLE,2023-05-14T14:00:00.000Z,34.0,67.5,0.0,16.1,100.0,27.1
1359536,2023,night,SINGLE,2023-05-15T14:00:00.000Z,41.0,20.0,0.0,20.2,33.2,13.6
1359537,2023,night,SINGLE,2023-05-16T14:00:00.000Z,40.0,15.5,0.0,17.5,24.0,8.9
1359538,2023,night,SINGLE,2023-05-17T14:00:00.000Z,25.1,33.8,0.12,9.6,65.0,8.0
1359539,2023,night,SINGLE,2023-05-18T14:00:00.000Z,36.0,31.2,0.0,7.4,31.0,16.3
1359540,2023,night,SINGLE,2023-05-19T14:00:00.000Z,24.2,46.0,0.17,8.3,29.0,11.9
1359541,2023,daynight,SINGLE,2023-05-20T10:00:00.000Z,37.9,21.5,0.0,17.9,2.0,12.1
1359542,2023,night,SINGLE,2023-05-20T14:00:00.000Z,31.9,65.2,1.0,12.3,32.2,24.5
1359543,2023,daynight,SINGLE,2023-05-21T10:00:00.000Z,32.7,55.5,0.0,14.2,6.0,22.6
1359544,2023,night,SINGLE,2023-05-21T14:00:00.000Z,25.6,74.0,1.02,5.3,92.8,20.6
1370350,2023,night,SINGLE,2023-05-23T14:00:00.000Z,32.2,67.0,0.0,19.5,6.0,25.3
1370351,2023,night,SINGLE,2023-05-24T14:00:00.000Z,32.9,66.8,0.0,23.0,17.0,25.9
1370352,2023,night,SINGLE,2023-05-26T14:00:00.000Z,39.9,28.5,0.0,22.7,41.8,18.2
1370353,2023,night,SINGLE,2023-05-28T14:00:00.000Z,37.9,31.0,0.0,14.0,80.5,17.8
1422119,2024,night,SINGLE,2024-03-22T14:30:00.000Z,30.4,63.2,0.0,14.2,5.5,22.7
1422120,2024,daynight,SINGLE,2024-03-23T10:00:00.000Z,0.0,0.0,0.0,0.0,0.0,0.0
1422121,2024,night,SINGLE,2024-03-23T14:00:00.000Z,28.2,63.2,0.57,10.9,27.5,20.5
1422122,2024,daynight,SINGLE,2024-03-24T10:00:00.000Z,33.7,19.5,0.0,11.7,86.5,7.2
1422123,2024,night,SINGLE,2024-03-24T14:00:00.000Z,36.8,19.2,0.0,10.8,0.2,9.6
1422124,2024,night,SINGLE,2024-03-25T14:00:00.000Z,34.6,16.2,0.0,17.1,35.2,5.3
1422125,2024,night,SINGLE,2024-03-26T14:00:00.000Z,30.5,54.5,0.0,17.1,15.8,20.3
1422126,2024,night,SINGLE,2024-03-27T14:00:00.000Z,36.1,20.5,0.0,11.0,1.8,9.9
1422127,2024,night,SINGLE,2024-03-28T14:00:00.000Z,37.8,15.5,0.0,14.2,99.8,7.1
1422128,2024,night,SINGLE,2024-03-29T14:00:00.000Z,35.0,19.0,0.0,18.1,30.8,7.9
1422129,2024,night,SINGLE,2024-03-30T14:00:00.000Z,33.5,40.5,0.07,16.1,9.8,18.2
1422130,2024,daynight,SINGLE,2024-03-31T10:00:00.000Z,33.9,25.8,0.0,9.5,9.2,11.5
1422131,2024,night,SINGLE,2024-03-31T14:00:00.000Z,31.8,59.5,0.0,18.0,12.2,22.9
1422132,2024,night,SINGLE,2024-04-01T14:00:00.000Z,31.9,49.0,0.0,19.0,61.5,19.8
1422133,2024,night,SINGLE,2024-04-02T14:00:00.000Z,36.2,16.5,0.0,13.5,91.8,6.8
1422134,2024,night,SINGLE,2024-04-03T14:00:00.000Z,31.8,64.8,0.0,19.0,85.5,24.3
1422135,2024,night,SINGLE,2024-04-04T14:00:00.000Z,37.2,18.8,0.0,10.6,98.2,9.5
1422136,2024,night,SINGLE,2024-04-05T14:00:00.000Z,38.5,19.8,0.0,4.9,36.2,11.4
1422137,2024,night,SINGLE,2024-04-06T14:00:00.000Z,32.5,18.2,0.0,10.9,69.5,5.3
1422138,2024,daynight,SINGLE,2024-04-07T10:00:00.000Z,36.0,19.8,0.0,20.6,0.5,9.3
1422139,2024,night,SINGLE,2024-04-07T14:00:00.000Z,35.8,12.0,0.0,16.9,0.2,2.0
1426260,2024,night,SINGLE,2024-04-08T14:00:00.000Z,32.9,59.5,0.0,21.7,40.8,24.0
1426261,2024,night,SINGLE,2024-04-09T14:00:00.000Z,0.0,0.0,0.0,0.0,0.0,0.0
1426262,2024,night,SINGLE,2024-04-10T14:00:00.000Z,33.4,17.8,0.0,15.4,62.0,5.6
1426263,2024,night,SINGLE,2024-04-11T14:00:00.000Z,31.3,51.5,0.0,18.3,7.8,20.1
1426264,2024,night,SINGLE,2024-04-12T14:00:00.000Z,36.9,16.5,0.0,12.6,34.2,7.3
1426265,2024,night,SINGLE,2024-04-13T14:00:00.000Z,0.0,0.0,0.0,0.0,0.0,0.0
1426266,2024,daynight,SINGLE,2024-04-14T10:00:00.000Z,35.8,36.0,0.0,7.1,19.8,18.4
1426267,2024,night,SINGLE,2024-04-14T14:00:00.000Z,30.9,66.2,0.0,21.6,26.8,23.8
1426268,2024,night,SINGLE,2024-04-15T14:00:00.000Z,35.1,19.8,0.0,19.2,95.8,8.5
1426269,2024,night,SINGLE,2024-04-16T14:00:00.000Z,37.0,35.0,0.0,8.4,10.2,19.0
1426270,2024,night,SINGLE,2024-04-17T14:00:00.000Z,42.6,12.8,0.0,13.2,77.0,8.1
1426271,2024,night,SINGLE,2024-04-18T14:00:00.000Z,0.0,0.0,0.0,0.0,0.0,0.0
1426272,2024,night,SINGLE,2024-04-19T14:00:00.000Z,39.2,16.8,0.0,22.2,1.2,9.4
1426273,2024,night,SINGLE,2024-04-20T14:00:00.000Z,35.5,19.2,0.0,19.7,70.2,8.5
1426274,2024,daynight,SINGLE,2024-04-21T10:00:00.000Z,39.8,31.8,0.0,8.0,26.5,19.8
1426275,2024,night,SINGLE,2024-04-21T14:00:00.000Z,0.0,0.0,0.0,0.0,0.0,0.0
1426276,2024,night,SINGLE,2024-04-22T14:00:00.000Z,35.5,15.2,0.0,13.4,33.5,5.2
1426277,2024,night,SINGLE,2024-04-23T14:00:00.000Z,32.4,61.5,0.0,20.4,92.8,24.0
1426278,2024,night,SINGLE,2024-04-24T14:00:00.000Z,36.4,14.8,0.0,21.1,1.8,5.3
1426279,2024,night,SINGLE,2024-04-25T14:00:00.000Z,38.0,20.8,0.0,8.9,29.0,11.7
1426280,2024,night,SINGLE,2024-04-26T14:00:00.000Z,36.6,46.8,0.0,15.3,18.5,23.4
1426281,2024,daynight,SINGLE,2024-04-27T10:00:00.000Z,36.7,18.8,0.0,16.6,10.5,9.1
1426282,2024,night,SINGLE,2024-04-27T14:00:00.000Z,39.5,16.5,0.0,21.7,9.0,9.4
1426283,2024,daynight,SINGLE,2024-04-28T10:00:00.000Z,39.0,13.2,0.0,13.9,3.0,5.8
1426284,2024,night,SINGLE,2024-04-28T14:00:00.000Z,33.4,63.8,0.0,23.4,79.5,25.5
1426285,2024,night,SINGLE,2024-04-29T14:00:00.000Z,39.2,31.0,0.0,15.4,4.5,19.0
1426286,2024,night,SINGLE,2024-04-30T14:00:00.000Z,39.5,11.0,0.0,22.7,0.0,3.5
1426287,2024,night,SINGLE,2024-05-01T14:00:00.000Z,34.5,63.0,0.0,24.9,99.2,26.5
1426288,2024,night,SINGLE,2024-05-02T14:00:00.000Z,38.8,18.5,0.0,6.5,0.0,10.6
1426289,2024,night,SINGLE,2024-05-03T14:00:00.000Z,31.4,60.8,0.0,19.6,0.0,22.8
1426290,2024,night,SINGLE,2024-05-04T14:00:00.000Z,33.6,37.2,0.03,12.5,85.5,17.0
1426291,2024,daynight,SINGLE,2024-05-05T10:00:00.000Z,25.0,32.5,0.0,10.6,0.2,7.4
1426292,2024,night,SINGLE,2024-05-05T14:00:00.000Z,41.8,12.5,0.0,20.2,10.5,7.1
1426293,2024,night,SINGLE,2024-05-06T14:00:00.000Z,31.7,61.2,0.0,19.7,0.0,23.3
1426294,2024,night,SINGLE,2024-05-07T14:00:00.000Z,40.6,14.0,0.0,13.3,9.8,7.9
1426295,2024,night,SINGLE,2024-05-08T14:00:00.000Z,36.0,32.5,0.0,4.2,31.2,17.0
1426296,2024,night,SINGLE,2024-05-09T14:00:00.000Z,25.6,44.8,0.0,10.9,57.2,12.7
1426297,2024,night,SINGLE,2024-05-10T14:00:00.000Z,41.9,20.0,0.0,9.5,19.2,14.3
1426298,2024,night,SINGLE,2024-05-11T14:00:00.000Z,30.6,74.2,0.0,11.4,79.8,25.5
1426299,2024,daynight,SINGLE,2024-05-12T10:00:00.000Z,32.5,65.2,0.73,9.4,83.5,25.1
1426300,2024,night,SINGLE,2024-05-12T14:00:00.000Z,29.5,54.0,0.23,10.2,84.5,19.2
1426301,2024,night,SINGLE,2024-05-13T14:00:00.000Z,36.7,35.5,0.0,12.8,98.5,18.9
1426302,2024,night,SINGLE,2024-05-14T14:00:00.000Z,40.3,10.5,0.0,18.2,1.8,3.5
1426303,2024,night,SINGLE,2024-05-15T14:00:00.000Z,33.5,57.2,0.0,10.3,34.2,23.9
1426304,2024,night,SINGLE,2024-05-16T14:00:00.000Z,29.1,66.5,1.1,11.5,100.0,22.2
1426305,2024,night,SINGLE,2024-05-17T14:00:00.000Z,33.9,58.2,0.0,16.4,73.2,24.5
1426306,2024,night,SINGLE,2024-05-18T14:00:00.000Z,23.9,84.8,3.5,10.7,100.0,21.2
1426307,2024,daynight,SINGLE,2024-05-19T10:00:00.000Z,31.1,62.8,0.12,4.7,97.2,23.1
1426308,2024,night,SINGLE,2024-05-19T14:00:00.000Z,29.0,74.2,0.82,5.3,68.2,23.9
1426309,2024,night,SINGLE,2024-05-21T14:00:00.000Z,44.8,12.8,0.0,15.7,0.2,9.7
1426310,2024,night,SINGLE,2024-05-22T14:00:00.000Z,45.5,12.8,0.0,13.2,12.5,10.3
1426311,2024,night,SINGLE,2024-05-24T14:00:00.000Z,33.1,71.2,0.0,17.8,100.0,27.2
1426312,2024,night,SINGLE,2024-05-26T14:00:00.000Z,36.5,43.2,0.15,12.5,100.0,21.9
1473438,2025,night,SINGLE,2025-03-22T14:00:00.000Z,25.1,73.5,0.0,7.9,97.5,20.0
1473439,2025,daynight,SINGLE,2025-03-23T10:00:00.000Z,31.6,42.8,0.0,4.2,25.0,17.4
1473440,2025,night,SINGLE,2025-03-23T14:00:00.000Z,31.2,60.0,0.0,13.7,23.0,22.5
1473441,2025,night,SINGLE,2025-03-24T14:00:00.000Z,30.3,63.8,0.12,11.4,36.5,22.6
1473442,2025,night,SINGLE,2025-03-25T14:00:00.000Z,39.1,11.0,0.0,6.1,0.0,3.2
1473443,2025,night,SINGLE,2025-03-26T14:00:00.000Z,29.5,58.5,0.0,6.0,1.0,20.5
1473444,2025,night,SINGLE,2025-03-27T14:00:00.000Z,36.2,17.5,0.0,11.2,38.8,7.7
1473445,2025,night,SINGLE,2025-03-28T14:00:00.000Z,33.0,50.0,0.0,18.4,90.2,21.2
1473446,2025,night,SINGLE,2025-03-29T14:00:00.000Z,36.6,5.0,0.0,5.6,0.0,-9.1
1473447,2025,daynight,SINGLE,2025-03-30T10:00:00.000Z,34.7,50.5,0.0,12.3,0.5,22.9
1473448,2025,night,SINGLE,2025-03-30T14:00:00.000Z,30.9,50.2,0.0,4.7,9.0,19.3
1473449,2025,night,SINGLE,2025-03-31T14:00:00.000Z,35.6,26.5,0.0,15.5,11.8,13.4
1473450,2025,night,SINGLE,2025-04-01T14:00:00.000Z,35.1,7.8,0.0,14.7,18.0,-4.5
1473451,2025,night,SINGLE,2025-04-02T14:00:00.000Z,31.7,33.2,0.03,10.2,26.2,13.5
1473452,2025,night,SINGLE,2025-04-03T14:00:00.000Z,35.8,35.5,0.03,9.4,52.5,18.1
1473453,2025,night,SINGLE,2025-04-04T14:00:00.000Z,37.5,8.8,0.0,14.9,14.0,-1.1
1473454,2025,daynight,SINGLE,2025-04-05T10:00:00.000Z,32.4,55.0,0.0,6.8,41.8,22.1
1473455,2025,night,SINGLE,2025-04-05T14:00:00.000Z,0.0,0.0,0.0,0.0,0.0,0.0
1473457,2025,night,SINGLE,2025-04-06T14:00:00.000Z,34.2,25.2,0.0,7.0,5.0,11.5
1473458,2025,night,SINGLE,2025-04-07T14:00:00.000Z,35.4,30.0,0.0,17.6,17.2,15.2
1473456,2025,daynight,SINGLE,2025-04-08T10:00:00.000Z,35.6,39.8,0.0,7.0,58.0,19.8
1473459,2025,night,SINGLE,2025-04-08T14:00:00.000Z,0.0,0.0,0.0,0.0,0.0,0.0
1473460,2025,night,SINGLE,2025-04-09T14:00:00.000Z,42.8,7.5,0.0,13.4,0.0,0.6
1473461,2025,night,SINGLE,2025-04-10T14:00:00.000Z,32.4,25.2,0.0,7.8,51.2,10.0
1473462,2025,night,SINGLE,2025-04-11T14:00:00.000Z,34.0,50.2,0.0,13.0,37.0,22.2
1473463,2025,daynight,SINGLE,2025-04-12T10:00:00.000Z,34.0,36.2,0.2,10.6,33.5,16.9
1473464,2025,night,SINGLE,2025-04-12T14:00:00.000Z,36.7,14.5,0.0,10.5,20.5,5.3
1473465,2025,daynight,SINGLE,2025-04-13T10:00:00.000Z,33.1,27.0,0.0,3.8,4.0,11.5
1473466,2025,night,SINGLE,2025-04-13T14:00:00.000Z,35.4,21.2,0.0,4.5,8.8,9.9
1473467,2025,night,SINGLE,2025-04-14T14:00:00.000Z,32.1,39.0,0.0,6.8,19.8,16.4
1473468,2025,night,SINGLE,2025-04-15T14:00:00.000Z,0.0,0.0,0.0,0.0,0.0,0.0
1473469,2025,night,SINGLE,2025-04-16T14:00:00.000Z,37.9,22.2,0.0,3.9,30.5,12.6
1473470,2025,night,SINGLE,2025-04-17T14:00:00.000Z,31.2,62.8,0.0,14.3,3.2,23.3
1473471,2025,night,SINGLE,2025-04-18T14:00:00.000Z,31.2,40.5,0.2,4.9,67.0,16.2
1473472,2025,daynight,SINGLE,2025-04-19T10:00:00.000Z,36.2,27.2,0.0,9.9,0.0,14.3
1473473,2025,night,SINGLE,2025-04-19T14:00:00.000Z,39.0,6.8,0.0,17.2,0.0,-3.5
1473474,2025,daynight,SINGLE,2025-04-20T10:00:00.000Z,0.0,0.0,0.0,0.0,0.0,0.0
1473475,2025,night,SINGLE,2025-04-20T14:00:00.000Z,31.8,57.2,0.0,14.1,0.0,22.3
1473476,2025,night,SINGLE,2025-04-21T14:00:00.000Z,33.2,68.0,0.0,16.4,3.5,26.5
1473477,2025,night,SINGLE,2025-04-22T14:00:00.000Z,39.8,9.8,0.0,14.6,0.0,2.0
1473478,2025,night,SINGLE,2025-04-23T14:00:00.000Z,37.7,24.2,0.0,8.5,32.8,13.8
1473479,2025,night,SINGLE,2025-04-24T14:00:00.000Z,35.1,18.0,0.0,13.4,4.8,7.2
1473480,2025,night,SINGLE,2025-04-25T14:00:00.000Z,32.9,60.5,0.0,18.6,0.2,24.2
1473481,2025,night,SINGLE,2025-04-26T14:00:00.000Z,33.7,60.8,0.1,15.8,57.2,25.0
1473482,2025,daynight,SINGLE,2025-04-27T10:00:00.000Z,33.1,57.2,0.0,10.6,0.0,23.5
1473483,2025,night,SINGLE,2025-04-27T14:00:00.000Z,40.1,7.5,0.0,9.6,19.0,-1.3
1473484,2025,night,SINGLE,2025-04-28T14:00:00.000Z,40.0,6.0,0.0,14.2,0.0,-4.4
1473485,2025,night,SINGLE,2025-04-29T14:00:00.000Z,37.2,22.2,0.0,6.8,12.8,12.1
1473486,2025,night,SINGLE,2025-04-30T14:00:00.000Z,33.5,54.8,0.0,17.2,38.8,23.1
1473487,2025,night,SINGLE,2025-05-01T14:00:00.000Z,38.7,14.2,0.0,9.2,42.2,6.6
1473488,2025,night,SINGLE,2025-05-02T14:00:00.000Z,43.1,10.0,0.0,13.6,4.8,4.9
1473489,2025,night,SINGLE,2025-05-03T14:00:00.000Z,27.4,61.5,2.33,8.1,94.8,19.3
1473490,2025,daynight,SINGLE,2025-05-04T10:00:00.000Z,29.7,70.5,1.62,6.0,76.0,23.7
1473491,2025,night,SINGLE,2025-05-04T14:00:00.000Z,21.4,54.2,0.15,8.1,99.5,11.7
1473492,2025,night,SINGLE,2025-05-05T14:00:00.000Z,37.2,18.2,0.0,9.8,15.8,9.1
1473493,2025,night,SINGLE,2025-05-06T14:00:00.000Z,29.1,70.0,1.42,11.3,76.5,23.0
1473494,2025,night,SINGLE,2025-05-07T14:00:00.000Z,33.6,52.5,0.03,9.3,99.8,22.5
1473496,2025,night,SINGLE,2025-05-17T14:00:00.000Z,23.8,85.5,2.1,6.6,100.0,21.2
1473497,2025,daynight,SINGLE,2025-05-18T10:00:00.000Z,39.8,22.5,0.0,13.9,14.8,14.4
1473498,2025,night,SINGLE,2025-05-18T14:00:00.000Z,40.7,23.0,0.0,10.4,20.8,15.5
1473499,2025,night,SINGLE,2025-05-19T14:00:00.000Z,38.8,33.2,0.0,8.6,0.0,19.7
1473500,2025,night,SINGLE,2025-05-20T14:00:00.000Z,40.1,24.2,0.0,12.9,63.2,15.8
1473501,2025,night,SINGLE,2025-05-21T14:00:00.000Z,30.9,71.2,0.0,7.6,100.0,25.1
1473502,2025,night,SINGLE,2025-05-22T14:00:00.000Z,40.0,34.8,0.0,5.7,43.2,21.4
1473503,2025,night,SINGLE,2025-05-23T14:00:00.000Z,35.6,40.8,0.0,8.9,21.2,20.2
1485779,2025,night,SINGLE,2025-05-24T14:00:00.000Z,40.0,21.2,0.0,10.7,17.0,13.7
1473504,2025,daynight,SINGLE,2025-05-25T10:00:00.000Z,38.4,39.8,0.0,3.8,5.2,22.2
1473505,2025,night,SINGLE,2025-05-25T14:00:00.000Z,31.3,55.8,0.0,4.1,47.5,21.4
1473506,2025,night,SINGLE,2025-05-26T14:00:00.000Z,37.6,31.5,0.0,8.6,21.0,17.8
1473507,2025,night,SINGLE,2025-05-27T14:00:00.000Z,37.5,38.8,0.0,9.3,12.8,21.1
1473508,2025,night,SINGLE,2025-05-29T14:00:00.000Z,0.0,0.0,0.0,0.0,0.0,0.0
1473509,2025,night,SINGLE,2025-05-30T14:00:00.000Z,0.0,0.0,0.0,0.0,0.0,0.0
1473510,2025,night,SINGLE,2025-06-01T14:00:00.000Z,37.6,32.2,0.2,16.3,92.0,18.2
1473511,2025,night,SINGLE,2025-06-03T14:00:00.000Z,37.2,34.8,0.05,13.4,69.5,19.1
